epoch,loss,recon,kl,val_loss,val_recon,val_kl
1,4276.53408214273,4084.7170176048803,191.81706969378746,2433.232221887467,2292.3142219705783,140.91801355240193
2,1637.5402946297982,1495.3106647648224,142.22962909855255,1112.6528528091756,971.2820135887633,141.37084262929065
3,975.0625844459012,833.1119264924907,141.9506589288581,796.5545277696975,658.924312510389,137.6302163956013
4,749.3523289231949,611.2518065291453,138.100522672749,653.2584449281084,519.575544641373,133.68289979975273
5,655.1281658851937,519.7043749665561,135.42379130184923,581.8988303326546,445.467108543883,136.43172081480634
6,612.1541448445081,479.14244058687393,133.01170547694377,549.2219673319066,419.4921147772606,129.72985076904297
7,586.6142045809254,455.56192560065284,131.05227877124804,527.5308409345911,394.83462199758975,132.69621715139834
8,569.1592745846265,440.2937851997271,128.8654909177458,528.2499376662234,401.1182121114528,127.13172798968375
9,547.0545166573023,422.45030971858057,124.60420815803144,498.42958555830285,374.96504114029256,123.46454522964802
10,531.615968469071,409.7039407529787,121.91202677548203,492.36025156873336,371.8294749158494,120.53078022408992
11,517.2419671881689,396.58427923890554,120.65768777507625,507.32542581761135,389.49881890479554,117.82660415324759
12,513.8554421342127,395.1498174797999,118.7056228777045,476.54247072909743,356.7632816395861,119.77918925183884
13,497.319697271199,380.5372690697239,116.78242719118998,446.0499033826463,331.8096690076463,114.24023340103474
14,491.4430767738656,375.4933765707495,115.94970100437669,450.1987622849485,334.0317093869473,116.16705176170836
15,484.24879922387805,369.0503271094196,115.19847218413331,467.20848051030583,349.2227055975731,117.9857729648022
16,468.7555730114244,354.2612643307202,114.4943100393635,440.2060455971576,325.8988228655876,114.30722224458735
17,458.6252544525007,344.45281634047694,114.17243776364958,422.16565395923374,307.8305615364237,114.33509144884475
18,453.0239376259721,339.52918497721356,113.49475341518176,403.84623361141126,296.69739711031,107.14883487782579
19,446.9001332461562,334.79095020032906,112.10918353355095,414.75440816676365,299.53024811440326,115.22416070167054
20,438.700060282668,327.16380951067083,111.53624993589915,412.3454128833527,303.3999198751247,108.94549414452086
21,434.02100083163884,323.0354032472933,110.98559768885782,397.2641510659076,284.1571720204455,113.1069801817549
22,422.69604673342076,312.9218609256831,109.77418566838791,387.0064736224235,277.2460457010472,109.76042840835896
23,420.98932177399934,311.67801042669987,109.31131023250214,393.25843648707615,289.1994031540891,104.05903398229721
24,418.63811127127036,310.24896149657087,108.38914918246334,387.25916696102064,279.7776671064661,107.48149969222698
25,413.6035383389965,305.1952456121575,108.40829304037572,374.5368483523105,268.3602385825299,106.17661041909076
26,414.07686486091785,306.6983595895985,107.37850467908328,377.93309378116686,269.42239087693235,108.51070290423453
27,412.7054960346657,305.9953844601705,106.71011345571578,372.7006855416805,267.8147401200964,104.88594704485953
28,409.481371875223,303.3895657334698,106.09180607207834,392.62831797498336,283.3328412644407,109.29547638588764
29,406.2944868253246,300.2969356867821,105.99755246236444,372.3898302443484,265.5780201364071,106.81181205587184
30,402.4659430795609,296.5715611427342,105.89438117040346,369.93140817195814,262.02933843085106,107.90207103972739
31,401.50483849930436,296.1067970310716,105.39804240884303,363.86322930518617,261.24355527187913,102.61967516959982
32,395.48972421585154,290.8104937131002,104.67922994535263,384.5792236328125,279.5562286376953,105.02299499511719
33,393.8487217175906,289.68946838378906,104.15925207965451,376.84813284366686,273.93658966713764,102.91154496213223
34,400.5501640703036,296.2728020654966,104.27736137773348,365.520966225482,263.1777846965384,102.34317974334067
35,391.26852514536955,287.5565084518363,103.71201679804554,376.04248696185175,269.76272777800864,106.2797599954808
36,389.3222448618989,285.87045364728255,103.45179107526666,355.8087158203125,257.0155389664021,98.79317701623795
37,388.9024695827536,286.02929917426957,102.8731697117357,366.6188367478391,267.86146805134223,98.75736609925615
38,385.7759406381546,283.16502261923875,102.61091711314302,378.7743452356217,278.5818231460896,100.19251965461893
39,387.93472791697883,285.3360269624893,102.59870008355406,360.1223741896609,258.97635309746926,101.14601963124376
40,385.425076001311,283.5155997777094,101.90947723388672,348.53033966713764,248.11020514305602,100.42013419942653
41,382.013374224101,280.4590494512967,101.5543253650404,369.25478866252496,265.73558011968083,103.51920773120636
42,388.073260860356,286.71845917723493,101.35480352950422,348.888480328499,247.44653677433095,101.4419448527884
43,376.5055716179277,275.58391985610194,100.92165109991483,354.83520442881485,253.17372845588847,101.66147516128865
44,377.73295433009594,277.1045792810449,100.6283758503117,363.0906949956366,261.6998239070811,101.39087060157289
45,378.1129321790721,277.32705556094373,100.7858764439413,351.46659948470744,253.1963202293883,98.2702779566988
46,375.14968272866724,275.0313507498127,100.11833288462739,344.1948047394448,240.9640756160655,103.23073009734458
47,372.88958545144834,272.8319741863094,100.0576113696512,342.458860356757,243.76600906696726,98.69285323772024
48,374.1653231964808,274.4046180063187,99.76070505081246,344.31095269385804,244.7231614133145,99.58779160519863
49,366.47472322368185,266.7974748306623,99.67724856720668,346.6887661548371,247.64461338773688,99.04415309175532
50,372.01283243257706,272.53497997266516,99.47785096190292,342.2232860808677,242.21360843739612,100.00967618252369
51,371.4245369967805,272.31229578305596,99.11224149242383,338.74885266892454,241.70018232629656,97.04867164124833
52,367.9097915719089,269.1410141339585,98.76877827404842,345.8313429812168,247.34113944844998,98.49020385742188
53,371.46676928376496,272.64857754642014,98.81819281730478,341.60481359603557,243.35497981943982,98.24982971840717
54,366.61753726767625,268.3491138475671,98.2684236988085,336.6707094882397,237.05544556962684,99.61526489257812
55,363.90886907708153,265.62000682255996,98.28886316029448,338.8811671480219,242.36394809154754,96.51721743319897
56,361.49267605994936,263.54833817155395,97.94433701745996,344.64886474609375,246.00506851520944,98.64379493226396
57,363.5899510492473,265.8659844246085,97.7239662065898,341.6094808375582,245.41886285010804,96.1906175004675
58,365.71447238312464,267.973189541194,97.74128336449192,342.8826599121094,247.88498379321808,94.99767433328832
59,366.87655862607915,269.45314116456194,97.42341711314302,334.3073340882646,236.01059739133146,98.29673783322598
60,362.5178387785611,265.12936589489243,97.38847302301834,350.2754224411985,253.42045430934175,96.85496878116689
